{"mode": 2, "Dt": 0.006200000000000001, "eps": 1.0, "Mf": 0.07901300000000001, "mode_error": "n", "cea_db": "GOX_CurableResin"}